5E-CF-7F-01-85-56,5ECF7F018556,5C-CF-7F-01-85-56,5CCF7F018556
5E-CF-7F-01-85-56,5ECF7F018556,5C-CF-7F-01-85-56,5CCF7F018556
8E-AA-B5-6F-FF-F1,8EAAB56FFFF1,8C-AA-B5-6F-FF-F1,8CAAB56FFFF1
8E-AA-B5-6F-FF-F1,8EAAB56FFFF1,8C-AA-B5-6F-FF-F1,8CAAB56FFFF1
8E-AA-B5-6F-FF-F1,8EAAB56FFFF1,8C-AA-B5-6F-FF-F1,8CAAB56FFFF1
8E-AA-B5-6F-FF-F1,8EAAB56FFFF1,8C-AA-B5-6F-FF-F1,8CAAB56FFFF1
8E-AA-B5-6F-FF-F1,8EAAB56FFFF1,8C-AA-B5-6F-FF-F1,8CAAB56FFFF1
8E-AA-B5-6F-FF-F1,8EAAB56FFFF1,8C-AA-B5-6F-FF-F1,8CAAB56FFFF1
8E-AA-B5-6F-FF-F1,8EAAB56FFFF1,8C-AA-B5-6F-FF-F1,8CAAB56FFFF1
8E-AA-B5-6F-FF-F1,8EAAB56FFFF1,8C-AA-B5-6F-FF-F1,8CAAB56FFFF1
